tmp1,tmp2,tmp3,tmp4,tmp5,tmp6,we1,we2
넥워머,구두,구두,로퍼,로퍼,샌들,샌들,구두
겨울 기타 코트,부츠,부츠,샌들,샌들,맥시 원피스,맥시 원피스,부츠
겨울 싱글 코트,넥워머,스니커즈,스니커즈,액티브웨어,미디 원피스,미디 원피스,넥워머
숏패딩/ 숏헤비 아우터,머플러,머플러,스카프,점프수트,미니 원피스,미니 원피스,머플러
겨울 더블 코트,장갑,스카프,액티브웨어,홈웨어,미니스커트,미니스커트,장갑
블루종/ MA-1,니트웨어,장갑,원피스,반소매 티셔츠,미디스커트,미디스커트,니트웨어
롱패딩/ 롱헤비 아우터,아우터,니트웨어,점프수트,셔츠/블라우스,반소매 티셔츠,반소매 티셔츠,아우터
부츠,후드 티셔츠,아우터,홈웨어,피케/카라 티셔츠,셔츠/블라우스,셔츠/블라우스,후드 티셔츠
레깅스,맨투맨/ 스웨트셔츠,액티브웨어,반소매 티셔츠,스포츠 상의,스포츠 상의,스포츠 상의,맨투맨/ 스웨트셔츠
,니트/스웨터,원피스,셔츠/블라우스,베스트,베스트,베스트,니트/스웨터
,레더/ 라이더스 재킷,점프수트,피케/카라 티셔츠,숏 팬츠,숏 팬츠,숏 팬츠,레더/ 라이더스 재킷
,겨울 기타 코트,후드 티셔츠,긴소매 티셔츠,스포츠 하의,힐/펌프스,힐/펌프스,겨울 기타 코트
,겨울 싱글 코트,맨투맨/ 스웨트셔츠,스포츠 상의,맥시 원피스,플랫 슈즈,플랫 슈즈,겨울 싱글 코트
,숏패딩/ 숏헤비 아우터,니트/스웨터,트레이닝 재킷,미디 원피스,블로퍼,점프수트,숏패딩/ 숏헤비 아우터
,블루종/ MA-1,긴소매 티셔츠,나일론/ 코치 재킷,미니 원피스,슬리퍼,트레이닝 재킷,블루종/ MA-1
,패딩 베스트,슈트/ 블레이저 재킷,베스트,미니스커트,,나일론/ 코치 재킷,패딩 베스트
,겨울 더블 코트,레더/ 라이더스 재킷,데님 팬츠,미디스커트,,베스트,겨울 더블 코트
,스타디움 재킷,트레이닝 재킷,숏 팬츠,힐/펌프스,,스포츠 하의,스타디움 재킷
,롱패딩/ 롱헤비 아우터,나일론/ 코치 재킷,코튼 팬츠,플랫 슈즈,,점프 슈트/ 오버올,롱패딩/ 롱헤비 아우터
,플리스/뽀글이,트러커 재킷,스포츠 하의,블로퍼,,블로퍼,플리스/뽀글이
,무스탕/퍼,패딩 베스트,슈트 팬츠/슬랙스,롱스커트,,,무스탕/퍼
,코튼 팬츠,아노락 재킷,점프 슈트/ 오버올,슈즈 액세서리,,,코튼 팬츠
,레깅스,사파리/ 헌팅 재킷,맥시 원피스,넥타이,,,레깅스
,로퍼,카디건,미디 원피스,모자,,,로퍼
,모카신/보트 슈즈,스타디움 재킷,미니 원피스,벨트,,,모카신/보트 슈즈
,트레이닝/조거 팬츠,후드 집업,미니스커트,시계,,,
,캔버스/단화,환절기 코트,미디스커트,아이웨어,,,
,패션스니커즈화,플리스/뽀글이,블로퍼,양말,,,
,구두,무스탕/퍼,힐/펌프스,주얼리,,,
,,데님 팬츠,로퍼,"지갑,카드케이스",,,
,,코튼 팬츠,플랫 슈즈,상의,,,
,,슈트 팬츠/슬랙스,롱스커트,셋업,,,
,,레깅스,슈즈 액세서리,이너웨어,,,
,,점프 슈트/ 오버올,넥타이,하의,,,
,,롱스커트,모자,트레이닝/조거 팬츠,,,
,,힐/펌프스,벨트,캔버스/단화,,,
,,로퍼,시계,패션스니커즈화,,,
,,모카신/보트 슈즈,아이웨어,스포츠 스니커즈,,,
,,슈즈 액세서리,양말,구두,,,
,,넥타이,주얼리,슬리퍼,,,
,,모자,"지갑,카드케이스",,,,
,,벨트,상의,,,,
,,시계,셋업,,,,
,,아이웨어,이너웨어,,,,
,,양말,하의,,,,
,,주얼리,트레이닝/조거 팬츠,,,,
,,"지갑,카드케이스",캔버스/단화,,,,
,,상의,패션스니커즈화,,,,
,,셋업,스포츠 스니커즈,,,,
,,이너웨어,구두,,,,
,,하의,슬리퍼,,,,
,,트레이닝/조거 팬츠,,,,,
,,캔버스/단화,,,,,
,,패션스니커즈화,,,,,
,,스포츠 스니커즈,,,,,
,,구두,,,,,
,,슬리퍼,,,,,