CATEGORY,GENDER
반소매 티셔츠,w
반소매 티셔츠,m
반소매 티셔츠,w
반소매 티셔츠,m
반소매 티셔츠,m
반소매 티셔츠,m
반소매 티셔츠,unisex
반소매 티셔츠,w
반소매 티셔츠,m
셔츠/블라우스,unisex
셔츠/블라우스,m
셔츠/블라우스,m
셔츠/블라우스,m
셔츠/블라우스,unisex
셔츠/블라우스,m
셔츠/블라우스,unisex
셔츠/블라우스,m
셔츠/블라우스,m
피케/카라 티셔츠,w
피케/카라 티셔츠,unisex
피케/카라 티셔츠,w
피케/카라 티셔츠,m
피케/카라 티셔츠,w
피케/카라 티셔츠,m
피케/카라 티셔츠,unisex
피케/카라 티셔츠,m
피케/카라 티셔츠,m
후드 티셔츠,m
후드 티셔츠,w
후드 티셔츠,m
후드 티셔츠,w
후드 티셔츠,m
후드 티셔츠,unisex
후드 티셔츠,m
후드 티셔츠,w
후드 티셔츠,m
맨투맨/ 스웨트셔츠,unisex
맨투맨/ 스웨트셔츠,m
맨투맨/ 스웨트셔츠,w
맨투맨/ 스웨트셔츠,w
맨투맨/ 스웨트셔츠,m
맨투맨/ 스웨트셔츠,unisex
맨투맨/ 스웨트셔츠,w
맨투맨/ 스웨트셔츠,w
맨투맨/ 스웨트셔츠,m
니트/스웨터,unisex
니트/스웨터,unisex
니트/스웨터,w
니트/스웨터,m
니트/스웨터,w
니트/스웨터,unisex
니트/스웨터,unisex
니트/스웨터,w
니트/스웨터,w
긴소매 티셔츠,w
긴소매 티셔츠,w
긴소매 티셔츠,m
긴소매 티셔츠,m
긴소매 티셔츠,m
긴소매 티셔츠,w
긴소매 티셔츠,m
긴소매 티셔츠,m
긴소매 티셔츠,m
스포츠 상의,m
스포츠 상의,m
스포츠 상의,w
스포츠 상의,w
스포츠 상의,m
스포츠 상의,w
스포츠 상의,m
스포츠 상의,m
스포츠 상의,w
민소매 티셔츠,m
민소매 티셔츠,w
민소매 티셔츠,w
민소매 티셔츠,m
민소매 티셔츠,w
민소매 티셔츠,w
민소매 티셔츠,m
민소매 티셔츠,w
민소매 티셔츠,m
슈트/ 블레이저 재킷,w
슈트/ 블레이저 재킷,m
슈트/ 블레이저 재킷,m
슈트/ 블레이저 재킷,unisex
슈트/ 블레이저 재킷,w
슈트/ 블레이저 재킷,w
슈트/ 블레이저 재킷,m
슈트/ 블레이저 재킷,w
슈트/ 블레이저 재킷,m
레더/ 라이더스 재킷,m
레더/ 라이더스 재킷,unisex
레더/ 라이더스 재킷,unisex
레더/ 라이더스 재킷,w
레더/ 라이더스 재킷,unisex
레더/ 라이더스 재킷,m
레더/ 라이더스 재킷,unisex
레더/ 라이더스 재킷,unisex
레더/ 라이더스 재킷,unisex
트레이닝 재킷,unisex
트레이닝 재킷,w
트레이닝 재킷,m
트레이닝 재킷,unisex
트레이닝 재킷,m
트레이닝 재킷,m
트레이닝 재킷,w
트레이닝 재킷,m
트레이닝 재킷,m
겨울 기타 코트,m
겨울 기타 코트,m
겨울 기타 코트,unisex
겨울 기타 코트,m
겨울 기타 코트,w
겨울 기타 코트,w
겨울 기타 코트,unisex
겨울 기타 코트,m
겨울 기타 코트,w
나일론/ 코치 재킷,w
나일론/ 코치 재킷,m
나일론/ 코치 재킷,w
나일론/ 코치 재킷,unisex
나일론/ 코치 재킷,m
나일론/ 코치 재킷,w
나일론/ 코치 재킷,m
나일론/ 코치 재킷,w
나일론/ 코치 재킷,m
겨울 싱글 코트,w
겨울 싱글 코트,unisex
겨울 싱글 코트,m
겨울 싱글 코트,w
겨울 싱글 코트,unisex
겨울 싱글 코트,m
겨울 싱글 코트,w
겨울 싱글 코트,unisex
겨울 싱글 코트,m
숏패딩/ 숏헤비 아우터,unisex
숏패딩/ 숏헤비 아우터,w
숏패딩/ 숏헤비 아우터,unisex
숏패딩/ 숏헤비 아우터,m
숏패딩/ 숏헤비 아우터,m
숏패딩/ 숏헤비 아우터,m
숏패딩/ 숏헤비 아우터,m
숏패딩/ 숏헤비 아우터,m
숏패딩/ 숏헤비 아우터,unisex
블루종/ MA-1,w
블루종/ MA-1,unisex
블루종/ MA-1,w
블루종/ MA-1,unisex
블루종/ MA-1,unisex
블루종/ MA-1,w
블루종/ MA-1,unisex
블루종/ MA-1,m
블루종/ MA-1,unisex
트러커 재킷,m
트러커 재킷,unisex
트러커 재킷,m
트러커 재킷,unisex
트러커 재킷,unisex
트러커 재킷,m
트러커 재킷,w
트러커 재킷,m
트러커 재킷,m
패딩 베스트,m
패딩 베스트,m
패딩 베스트,w
패딩 베스트,w
패딩 베스트,w
패딩 베스트,m
패딩 베스트,w
패딩 베스트,unisex
패딩 베스트,unisex
아노락 재킷,unisex
아노락 재킷,m
아노락 재킷,m
아노락 재킷,unisex
아노락 재킷,m
아노락 재킷,m
아노락 재킷,m
아노락 재킷,m
아노락 재킷,unisex
사파리/ 헌팅 재킷,m
사파리/ 헌팅 재킷,unisex
사파리/ 헌팅 재킷,m
사파리/ 헌팅 재킷,unisex
사파리/ 헌팅 재킷,m
사파리/ 헌팅 재킷,unisex
사파리/ 헌팅 재킷,m
사파리/ 헌팅 재킷,m
사파리/ 헌팅 재킷,unisex
겨울 더블 코트,m
겨울 더블 코트,w
겨울 더블 코트,w
겨울 더블 코트,m
겨울 더블 코트,m
겨울 더블 코트,m
겨울 더블 코트,m
겨울 더블 코트,m
겨울 더블 코트,unisex
카디건,unisex
카디건,w
카디건,w
카디건,w
카디건,m
카디건,w
카디건,w
카디건,w
카디건,m
스타디움 재킷,unisex
스타디움 재킷,m
스타디움 재킷,m
스타디움 재킷,unisex
스타디움 재킷,m
스타디움 재킷,m
스타디움 재킷,m
스타디움 재킷,m
스타디움 재킷,unisex
롱패딩/ 롱헤비 아우터,unisex
롱패딩/ 롱헤비 아우터,m
롱패딩/ 롱헤비 아우터,w
롱패딩/ 롱헤비 아우터,unisex
롱패딩/ 롱헤비 아우터,m
롱패딩/ 롱헤비 아우터,m
롱패딩/ 롱헤비 아우터,w
롱패딩/ 롱헤비 아우터,w
롱패딩/ 롱헤비 아우터,m
베스트,w
베스트,w
베스트,w
베스트,m
베스트,m
베스트,m
베스트,w
베스트,unisex
베스트,unisex
후드 집업,m
후드 집업,unisex
후드 집업,m
후드 집업,unisex
후드 집업,w
후드 집업,unisex
후드 집업,m
후드 집업,unisex
후드 집업,unisex
환절기 코트,m
환절기 코트,w
환절기 코트,w
환절기 코트,w
환절기 코트,w
환절기 코트,w
환절기 코트,w
환절기 코트,w
환절기 코트,w
플리스/뽀글이,unisex
플리스/뽀글이,m
플리스/뽀글이,m
플리스/뽀글이,unisex
플리스/뽀글이,m
플리스/뽀글이,m
플리스/뽀글이,unisex
플리스/뽀글이,unisex
플리스/뽀글이,unisex
무스탕/퍼,w
무스탕/퍼,m
무스탕/퍼,w
무스탕/퍼,w
무스탕/퍼,w
무스탕/퍼,unisex
무스탕/퍼,w
무스탕/퍼,m
무스탕/퍼,unisex
데님 팬츠,unisex
데님 팬츠,w
데님 팬츠,m
데님 팬츠,unisex
데님 팬츠,w
데님 팬츠,m
데님 팬츠,unisex
데님 팬츠,w
데님 팬츠,w
트레이닝/조거 팬츠,m
트레이닝/조거 팬츠,unisex
트레이닝/조거 팬츠,unisex
트레이닝/조거 팬츠,unisex
트레이닝/조거 팬츠,m
트레이닝/조거 팬츠,m
트레이닝/조거 팬츠,m
트레이닝/조거 팬츠,unisex
트레이닝/조거 팬츠,unisex
숏 팬츠,unisex
숏 팬츠,w
숏 팬츠,w
숏 팬츠,m
숏 팬츠,m
숏 팬츠,unisex
숏 팬츠,unisex
숏 팬츠,w
숏 팬츠,m
코튼 팬츠,m
코튼 팬츠,unisex
코튼 팬츠,w
코튼 팬츠,m
코튼 팬츠,unisex
코튼 팬츠,w
코튼 팬츠,w
코튼 팬츠,unisex
코튼 팬츠,unisex
스포츠 하의,w
스포츠 하의,m
스포츠 하의,m
스포츠 하의,w
스포츠 하의,w
스포츠 하의,w
스포츠 하의,w
스포츠 하의,m
스포츠 하의,w
슈트 팬츠/슬랙스,m
슈트 팬츠/슬랙스,unisex
슈트 팬츠/슬랙스,w
슈트 팬츠/슬랙스,w
슈트 팬츠/슬랙스,w
슈트 팬츠/슬랙스,w
슈트 팬츠/슬랙스,unisex
슈트 팬츠/슬랙스,w
슈트 팬츠/슬랙스,w
레깅스,w
레깅스,w
레깅스,w
레깅스,w
레깅스,w
레깅스,w
레깅스,w
레깅스,w
레깅스,w
점프 슈트/ 오버올,w
점프 슈트/ 오버올,w
점프 슈트/ 오버올,unisex
점프 슈트/ 오버올,w
점프 슈트/ 오버올,w
점프 슈트/ 오버올,w
점프 슈트/ 오버올,unisex
점프 슈트/ 오버올,w
점프 슈트/ 오버올,w
맥시 원피스,w
맥시 원피스,w
맥시 원피스,w
맥시 원피스,w
맥시 원피스,w
맥시 원피스,w
맥시 원피스,w
맥시 원피스,w
맥시 원피스,w
미디 원피스,w
미디 원피스,w
미디 원피스,w
미디 원피스,w
미디 원피스,w
미디 원피스,w
미디 원피스,w
미디 원피스,w
미디 원피스,w
미니 원피스,w
미니 원피스,w
미니 원피스,w
미니 원피스,w
미니 원피스,w
미니 원피스,w
미니 원피스,w
미니 원피스,w
미니 원피스,w
미니스커트,w
미니스커트,w
미니스커트,w
미니스커트,w
미니스커트,w
미니스커트,w
미니스커트,w
미니스커트,w
미니스커트,w
미디스커트,w
미디스커트,w
미디스커트,w
미디스커트,w
미디스커트,w
미디스커트,w
미디스커트,w
미디스커트,w
미디스커트,w
롱스커트,w
롱스커트,w
롱스커트,w
롱스커트,w
롱스커트,w
롱스커트,w
롱스커트,w
롱스커트,w
롱스커트,w
캔버스/단화,w
캔버스/단화,m
캔버스/단화,w
캔버스/단화,w
캔버스/단화,m
캔버스/단화,unisex
캔버스/단화,unisex
캔버스/단화,w
캔버스/단화,w
패션스니커즈화,w
패션스니커즈화,m
패션스니커즈화,m
패션스니커즈화,m
패션스니커즈화,w
패션스니커즈화,w
패션스니커즈화,w
패션스니커즈화,w
패션스니커즈화,m
스포츠 스니커즈,unisex
스포츠 스니커즈,unisex
스포츠 스니커즈,unisex
스포츠 스니커즈,unisex
스포츠 스니커즈,unisex
스포츠 스니커즈,w
스포츠 스니커즈,m
스포츠 스니커즈,unisex
스포츠 스니커즈,w
구두,w
구두,m
구두,m
구두,m
구두,m
구두,m
구두,unisex
구두,m
구두,unisex
샌들,w
샌들,unisex
샌들,m
샌들,w
샌들,w
샌들,m
샌들,w
샌들,w
샌들,unisex
블로퍼,unisex
블로퍼,unisex
블로퍼,m
블로퍼,unisex
블로퍼,w
블로퍼,unisex
블로퍼,w
블로퍼,m
블로퍼,m
힐/펌프스,w
힐/펌프스,w
힐/펌프스,w
힐/펌프스,w
힐/펌프스,w
힐/펌프스,w
힐/펌프스,w
힐/펌프스,w
힐/펌프스,w
슬리퍼,unisex
슬리퍼,w
슬리퍼,unisex
슬리퍼,unisex
슬리퍼,unisex
슬리퍼,unisex
슬리퍼,w
슬리퍼,m
슬리퍼,w
로퍼,m
로퍼,w
로퍼,w
로퍼,unisex
로퍼,w
로퍼,w
로퍼,m
로퍼,w
로퍼,w
플랫 슈즈,w
플랫 슈즈,w
플랫 슈즈,w
플랫 슈즈,w
플랫 슈즈,w
플랫 슈즈,w
플랫 슈즈,w
플랫 슈즈,w
플랫 슈즈,w
모카신/보트 슈즈,unisex
모카신/보트 슈즈,m
모카신/보트 슈즈,m
모카신/보트 슈즈,m
모카신/보트 슈즈,unisex
모카신/보트 슈즈,m
모카신/보트 슈즈,unisex
모카신/보트 슈즈,m
모카신/보트 슈즈,unisex
부츠,w
부츠,w
부츠,w
부츠,w
부츠,w
부츠,m
부츠,w
부츠,w
부츠,w